,features
0,day
1,hour
2,T58
3,TP52
4,TPME
5,BH1
6,BR11
7,SK27
8,JM31
9,SK75
10,T49A
11,SK61
12,KB7
13,SE21
14,HG37
15,SB28
16,CK77
17,BE7
18,CK8A
19,C17
20,Y25M
21,J96
22,BE241
23,SB21
24,AM14
25,BBM7
26,SM9A
27,C12
28,P13
29,TP7
30,B90M
31,SB13
32,Y28M
33,BE232
34,HG18
35,HG98
36,BM6
37,PM32
38,ACM
39,K52
40,TB18
41,B23M
42,PM36
43,SE37
44,CK6
45,J50
46,J53
47,CR31
48,BJ40
49,Y46
50,TP2
51,J49M
52,Y61M
53,MR4
54,CK39
55,PL18
56,AM43
57,HG51
58,W49
59,SB36
60,PL29
61,TJ33
62,CK63
63,T78
64,CK37
65,PL58
66,Q70
67,J51
68,A30
69,J94
70,CKM5
71,TEST
72,Y19
73,AR1M
74,P35L
75,A48
76,JMSU
77,TM49
78,SK13
79,H18
80,SI1
81,RC3
82,FR2C
83,B9
84,BE8
85,J8
86,A68
87,PL61
88,CC1
89,A85
90,SK16
91,BJ42
92,W105
93,J78M
94,S19L
95,U70
96,B89
97,W25
98,SK58
99,Y49HV
100,STM2
101,SB15
102,TP4A
103,PM4
104,EPML
105,CC11
106,PM38
107,U11
108,A4
109,W87
110,CK13
111,SB11
112,BJ21
113,W676
114,Y68L
115,KE3M
116,TJ31
117,B86
118,NT4
119,J79M
120,Y23
121,TRS
122,TPMR
123,HG39
124,CK12
125,U43
126,TJ39
127,JM18
128,CC8
129,J65
130,A39
131,CC4
132,PL17
133,W517
134,CK58
135,JKS
136,SB20
137,W40
138,Y65M
139,TM41
140,BJ12
141,UA2
142,W5M
143,JM7
144,B96
145,U18
146,RHM
147,BJ20
148,Y2
149,BM14
150,HG71
151,B31
152,BJ32
153,SI9
154,H6
155,Y77L
156,CK2
157,W108
158,TBC3
159,SK82
160,BJ41
161,W23
162,Q84
163,W11M
164,KB1
165,Y51M
166,BJ60
167,J32
168,AR1L
169,BL8
170,CK6A
171,W18
172,JRM
173,HG31
174,TM30
175,W717
176,W15
177,SB4
178,KM4
179,AR7L
180,Y40
181,AM16
182,A54
183,T16
184,TBM3
185,SE18
186,TJ35
187,UBM2
188,J57
189,SK52
190,SK63
191,BR8
192,M33
193,J95
194,SI12
195,B7A
196,W12M
197,SG1
198,BM29
199,J26
200,BE42
201,CKM3
202,HG9
203,TB3
204,MP16
205,W55
206,SB32
207,TGM1
208,J86M
209,GM1A
210,PDQ5
211,Y7
212,S36L
213,W546
214,SIM1
215,PM13
216,EI3
217,TM29
218,BJ38
219,CK72
220,HG23
221,KTM5
222,HG53
223,HG94
224,Y76M
225,RHS
226,JM12
227,TP20
228,TP3
229,T72
230,SK30
231,U32
232,BJ37
233,BL10
234,HR1
235,SK32
236,BMVM
237,KM1
238,HG1B
239,W4
240,GM1M
241,SI11
242,CTM1
243,SE11
244,P3
245,T9
246,SB26
247,W41
248,BE35
249,Y1
250,PL30
251,W50
252,BJ1
253,BE28
254,T57
255,CK9
256,SB46
257,TM53
258,TP43
259,SGTM
260,PL13
261,PM35
262,B94
263,T19
264,TM12
265,SE42
266,C31
267,TM15
268,HG2C
269,T39
270,Y59M
271,CSM
272,Y32
273,BM5
274,CK1
275,Y60M
276,SE27
277,SK33
278,W102
279,Y53M
280,HG9T
281,TB1
282,TM32
283,SK26
284,SK3
285,A9
286,J84M
287,CK54
288,BRM1
289,TG1
290,DRM3
291,JSR1
292,SM1
293,A10
294,SK86
295,RCM
296,JB42
297,HG60
298,A28
299,HR5
300,A2
301,PM20
302,PL66
303,CKM2
304,HG3E
305,W570
306,LT1
307,Q82
308,U26
309,U15
310,W92
311,A15
312,PL22
313,P34L
314,SE17
315,BM30
316,PM23
317,W509
318,A31
319,T79
320,J92
321,SE26
322,TE14
323,BJ28
324,T34
325,W43
326,W91
327,KAM
328,EPM
329,CK41
330,BKE7
331,TPB1
332,MN1
333,TPMK
334,J88M
335,TE1
336,J62M
337,HG90
338,TPL
339,AM79
340,T38
341,JSR2
342,W785
343,SK41
344,JM30
345,A25
346,J20
347,W574
348,S113
349,W887
350,SK12
351,TGM2
352,BRB1
353,RHM4
354,S104
355,U54
356,AM51
357,TM11
358,CK28
359,BJ23
360,MP15
361,PL51
362,W95
363,SE12
364,PL39
365,BTM
366,M4
367,W104
368,PR7
369,SK59
370,SK50
371,PM21
372,Y49
373,TG7
374,SE34
375,BJ1L
376,PM34
377,U46
378,HG38
379,U51
380,W579
381,PL12
382,B99M
383,A27
384,BJ29
385,T55
386,U34
387,W782
388,SK92
389,T3
390,TP54
391,T1
392,W106
393,HG14
394,W780
395,J6
396,HG75
397,B65
398,SG2
399,B27
400,SI6
401,PGS
402,J80MS
403,W68
404,MP4M
405,TP53
406,U24
407,PL57
408,BLM
409,SD2
410,J75M
411,W8M
412,Y41
413,CDM
414,SB33
415,PL71
416,W70
417,B72
418,CC9
419,SK2
420,HE8
421,M3
422,HG36
423,AR2M
424,W3
425,J19
426,TM54
427,B48
428,SK91
429,J80S
430,CK4
431,PM7
432,UAM1
433,Y58
434,J7
435,Y6
436,W93
437,TM36
438,W11
439,H4
440,BM13
441,TW4
442,PM6
443,W86
444,SK43
445,B45B
446,SK18
447,B67
448,KJ3
449,J62
450,TM52
451,T42
452,PM40
453,B97
454,J54
455,Q17
456,HG87
457,TM21
458,A77
459,KU9
460,BE33
461,B11
462,CK34
463,A52
464,BJ24
465,BM28
466,TPM3
467,M20
468,U29
469,W37
470,TPMQ
471,ECM
472,BJ43
473,U24T
474,Y5
475,T35
476,PM37
477,RHM3
478,SK69
479,SDM2
480,A73
481,W691
482,B34
483,PL10
484,A59
485,J34
486,UA5
487,TM6
488,T17
489,BA3
490,T41
491,TM9
492,CC10
493,TP36
494,TJ30
495,HG78
496,JM16
497,P17
498,JM10
499,B8
500,TP16
501,KB18
502,BE10
503,TW3
504,PM16
505,HG68
506,J80M
507,CKM4
508,HCM
509,HG13
510,CK20
511,J69
512,SK8
513,PP1
514,HG62
515,SG4
516,SB35
517,MPS
518,S24L
519,HG7
520,PM33
521,PR13
522,JBM
523,J82M
524,S28L
525,TP15
526,TM4
527,J60M
528,EPL
529,JS5L
530,TBM7
531,BJ30
532,JM9
533,Q75M
534,BJMP
535,HG42
536,TPMA
537,C15M
538,B73
539,SB31
540,HE4
541,UBK4
542,MM1
543,U57
544,S102
545,A82
546,B19
547,PL47
548,BM9
549,B35
550,C26
551,SI2
552,TJ41
553,CR3
554,T25
555,W66
556,Y52M
557,PM46
558,MP12
559,TJ28M
560,JKM
561,TP68
562,JM14
563,BR14
564,J77M
565,SK65
566,HG1D
567,MLM
568,MR5
569,AM80
570,TM31
571,H12
572,MM2
573,PP9T
574,W578
575,A29
576,DRS
577,B59
578,TE4
579,TM42
580,P15
581,BRM4
582,P14
583,W14
584,SB30
585,BE11
586,CK21
587,CK46
588,TB2
589,A75
590,SB23
591,TB8
592,JM4
593,PM17
594,C21M
595,SK88
596,SE35
597,JM2
598,A98
599,J68M
600,HE24
601,W58
602,BB
603,PL40
604,C21L
605,T12
606,PL56
607,BRM7
608,TAM1
609,J2
610,SK64
611,PL43
612,HG3D
613,A65
614,GM5
615,JM23
616,TM45
617,CVBK
618,J63
619,JM6
620,C37
621,Q16
622,Y12
623,S100
624,BTM2
625,PM5
626,SI8
627,BJ61
628,BP1
629,HG15
630,MP5
631,GM2A
632,SE29
633,W57
634,HG1A
635,TM35
636,HG77
637,SB37
638,A8
639,B48B
640,A11
641,J83M
642,JM32
643,JM8M
644,B14
645,SK55
646,W72
647,AM20
648,HG55
649,J27
650,U56
651,NT2
652,U28
653,T37
654,Y66M
655,T75
656,HG96
657,SE28
658,T45
659,TP31
660,J46
661,CR2
662,T43
663,SK70
664,T31
665,S103
666,U13
667,MP5M
668,B16
669,J25
670,T30
671,SB25
672,PP2
673,SDM
674,TJ32
675,PL41
676,J4
677,W59
678,RH3
679,S108
680,B57
681,SE50
682,BJ66
683,BWM
684,W46
685,SD5
686,Q86
687,S40L
688,U38
689,HG88
690,BJ62
691,HG76
692,TW1
693,W6
694,MM3
695,J35
696,U33
697,B10M
698,A42
699,CK33
700,BJ58
701,HRM
702,KB14
703,B71M
704,SK24
705,KTM4
706,JM26
707,GM6A
708,B74
709,SB18
710,TJSF
711,SB2
712,SK95
713,H14
714,H17
715,BE6
716,BRM3
717,BRM5
718,J41
719,PM29
720,TJ30S
721,MP5S
722,J36
723,T51
724,HG47
725,JM24
726,B24
727,TBM
728,HG73
729,BJ39
730,J72
731,Y73M
732,A60
733,W74
734,W80
735,Y64M
736,Y54M
737,PM2
738,BJ16
739,SB12
740,W90
741,KU4
742,J39
743,Y4
744,J49
745,A41
746,PL75
747,BR12
748,JS4L
749,A21
750,CK15
751,B17
752,BJ10
753,BBM5
754,KAS
755,U45
756,AR2L
757,U9
758,PL48
759,TB7
760,TBM8
761,JM20
762,BJ68
763,HG24
764,BJ31
765,HG3L
766,DRM4
767,A78
768,A50
769,SB43
770,C3M
771,CK55
772,TM27
773,W536
774,CKT1
775,U66
776,SM3
777,SB39
778,PL31
779,B79
780,CK57
781,U69
782,B98
783,T81
784,HG2
785,Y49L
786,HG34
787,U50
788,KJ1
789,Y77M
790,HE12
791,SE52
792,TM20
793,B20
794,HG41
795,SK22
796,SE14
797,J97
798,HG44
799,HG43
800,W73
801,TE25
802,SB45
803,B94A
804,SK60
805,W5
806,BE31
807,SE43
808,KB10
809,BR4
810,Q16A
811,C38
812,C6
813,U10
814,FRM
815,PL70
816,W527
817,TM48
818,TB17
819,TM18
820,SK71
821,W554
822,CK61
823,TBM4
824,SD9
825,CAM
826,CK18
827,W13
828,HG48
829,CR6
830,GMLM
831,PP6
832,PL27
833,J14
834,SK89
835,SE22
836,BJAL
837,LUB
838,B63
839,AM19
840,HG46
841,J5
842,SK73
843,J48
844,SB40
845,W586
846,SE53
847,TB28
848,P6L
849,JM3
850,Q41
851,C18
852,B46
853,JS3L
854,J29
855,HG69
856,SK78
857,PR4
858,Y29
859,M36
860,PM25
861,BM3
862,TB11
863,JM13
864,TM46
865,B90
866,BL23
867,M37
868,HG22
869,SK23
870,B44
871,W64
872,HE17
873,W26
874,STM1
875,W182
876,B41
877,BE37
878,DUXM
879,B52
880,HG20
881,Q85
882,T4
883,YHS
884,T8
885,MNRM
886,J70
887,W98
888,PL62
889,PL50
890,PM26
891,TP62
892,TM8
893,W36
894,TP60
895,J22
896,S111
897,J18
898,W181
899,BR6
900,PL16
901,T74
902,BE44
903,HG54
904,B51
905,W103
906,TBM2
907,WCB
908,C27
909,BL17
910,KTM3
911,B83
912,SE23
913,B92
914,HG3B
915,GEML
916,Y25
917,CY
918,U25
919,B28
920,PDW5
921,BM1
922,SE19
923,P40L1
924,SE25
925,BE23
926,HG2A
927,PM44
928,Y35
929,B70
930,Y69M
931,TM47
932,EC2
933,BKE4
934,PL23
935,A63
936,TJ36
937,KB17
938,NBRM
939,B45A
940,B75
941,J10
942,PL28
943,A53
944,Y3
945,A100
946,W516
947,PD8W
948,KU2
949,J45
950,BJ27
951,DRM2
952,A87
953,A43
954,TPM5
955,Y63M
956,W94
957,J47
958,SD3
959,CK65
960,SI4
961,PL46
962,P9
963,J24
964,CK56
965,SK93
966,S30L
967,HG2D
968,STAM
969,JMB2
970,TM51
971,BL19S
972,SK67
973,PM45
974,Y68M
975,JMB3
976,PL65
977,BKRM
978,C11
979,BA2
980,KM2
981,C33
982,SD1
983,PR1
984,BE34
985,Q65
986,HR2
987,CK71
988,KE3
989,Q81
990,SK10
991,PR12
992,AM46
993,BE13
994,W45
995,W67
996,CK60
997,HG32
998,HG50
999,M16
1000,JM25
1001,J3
1002,C8
1003,JCML
1004,C22M
1005,EC8
1006,BL13
1007,PM3
1008,CK10
1009,CK16
1010,GE1C
1011,BJ18
1012,SI10
1013,PL20
1014,CV1
1015,C34
1016,JM5
1017,CC12
1018,BR9
1019,M35
1020,C20M
1021,AM81
1022,TM19
1023,SK98
1024,MN2
1025,J56
1026,PL36
1027,SK76
1028,Y17
1029,J43
1030,BL19
1031,W889
1032,J37
1033,SE38
1034,SK5
1035,TP22
1036,SB6
1037,EC4
1038,KLM
1039,SH1
1040,BE32
1041,WDB1
1042,TGM3
1043,U43Z
1044,W27
1045,PP4
1046,TAM2
1047,TM23
1048,SIM5
1049,TE13
1050,HG61
1051,KTM
1052,S14L
1053,Y75M
1054,T32
1055,SK84
1056,U68
1057,HG1
1058,PM24
1059,BE14
1060,TWM1
1061,P12
1062,GM2
1063,J61
1064,TPM2
1065,J16
1066,SK85
1067,J1
1068,SB9
1069,B85
1070,SE32
1071,HG30
1072,C4M
1073,CK42
1074,BJ45
1075,K2
1076,SK40
1077,A37
1078,SE39
1079,LT3
1080,Q8
1081,C14M
1082,BE40
1083,SB3
1084,W783
1085,TWM2
1086,DWVT
1087,TWM3
1088,T77
1089,PDP4
1090,BBB
1091,KE1
1092,JM11
1093,BM19
1094,SE41
1095,B47
1096,U63
1097,J60L
1098,BJ8
1099,SH2
1100,Y28
1101,T49
1102,AM64
1103,Y57
1104,KJM1
1105,S109
1106,U39
1107,JSA1
1108,PL49
1109,SK29
1110,C7
1111,CK3A
1112,A71
1113,W101
1114,C9
1115,KM3
1116,Q77M
1117,HG74
1118,MP2M
1119,U60
1120,PP5
1121,TGM4
1122,TM50
1123,SK15
1124,S105
1125,W21
1126,TM37
1127,TG3
1128,W1
1129,JM7M
1130,JB1
1131,GM3
1132,SK74
1133,TM44
1134,TPMB
1135,TB10
1136,W83
1137,SK1
1138,PL15
1139,CC7
1140,MP2
1141,PM9
1142,M38
1143,Y30M
1144,CKM6
1145,TP14
1146,HE1
1147,SK46
1148,PL14
1149,Y8
1150,PL35
1151,CK38
1152,SB16
1153,Y26
1154,CK45
1155,AR7M
1156,BJ25
1157,Y56
1158,Q68
1159,MR567
1160,K7
1161,S15L
1162,TP30
1163,HG91
1164,Y15
1165,AM96
1166,TM43
1167,A40
1168,Y10
1169,SE33
1170,W52
1171,JCM
1172,CV2
1173,BE29
1174,K10
1175,RCB
1176,GBM
1177,BE27
1178,MM6
1179,KE4
1180,TP63
1181,C10
1182,A74
1183,TP49
1184,CKM8
1185,J99M
1186,CK23
1187,B7B
1188,Y71M
1189,BJ34
1190,A88
1191,W44
1192,T47A
1193,W107
1194,B42
1195,BJ15
1196,CK9A
1197,TP27
1198,TP34
1199,AR5M
1200,SI7
1201,GSML
1202,SK44
1203,TB23
1204,J67
1205,J91
1206,TP12
1207,C18A
1208,SK45
1209,PDC4
1210,CK29
1211,TJ29
1212,TPM
1213,KJM2
1214,CK49
1215,H93L
1216,TP41
1217,B10
1218,KJML
1219,JB3
1220,SK66
1221,CK75
1222,SK53
1223,PL26
1224,KBM
1225,TP40
1226,P8
1227,W30
1228,TBC2
1229,PL54
1230,PR2
1231,CK17
1232,PL24
1233,BM26
1234,H3
1235,PR14
1236,TJ34
1237,A13
1238,SE13
1239,T47
1240,BR10
1241,TE3
1242,RC1
1243,U58
1244,P40L2
1245,KU3
1246,Y27
1247,A45
1248,A44
1249,P1
1250,JM21
1251,TPM6
1252,T50
1253,JBM2
1254,A69
1255,CK40
1256,HG49
1257,MP19
1258,A47
1259,JB4
1260,SAM
1261,W39
1262,SK87
1263,Q67
1264,BJ52
1265,BRM
1266,C24
1267,BE5
1268,SAM2
1269,U55
1270,HG17
1271,P5
1272,PL68
1273,ACB
1274,U65
1275,B54
1276,P40L
1277,SI13
1278,CV3
1279,DRM5
1280,KE2
1281,SB29
1282,BRM6
1283,B91
1284,FR3M
1285,BE30
1286,W20
1287,SK47
1288,U48
1289,S106
1290,TM34
1291,Y21
1292,CK64
1293,BJ14
1294,BB8M
1295,FR4M
1296,LT2
1297,CK50
1298,BJ33
1299,PM19
1300,B44B
1301,SK20
1302,SIM4
1303,TM33
1304,GEM
1305,SLS
1306,CK74
1307,T13
1308,JM19
1309,GE1F
1310,HG2B
1311,TR1
1312,M32
1313,BA1
1314,TM14
1315,CC5
1316,HVM
1317,TPML
1318,NT1
1319,MP13
1320,SK80
1321,C29A
1322,PL25
1323,A12
1324,A38
1325,CKM9
1326,W693
1327,P7
1328,Q73
1329,SB1
1330,TB4A
1331,BP2
1332,HG5
1333,BBM3
1334,CK3
1335,HG33
1336,BBM2
1337,JM1
1338,CR1
1339,PM28
1340,W65
1341,W185
1342,B21
1343,GM6B
1344,SB24
1345,Y78M
1346,PL38
1347,B81
1348,W549
1349,SK68
1350,TM10
1351,HG1C
1352,BJ65
1353,SK7
1354,W71
1355,W4M
1356,B60
1357,SK42
1358,HG12
1359,CM1
1360,J57L
1361,HG19
1362,TPM7
1363,U5
1364,J40
1365,PL34
1366,SK35
1367,U12
1368,P2
1369,B33
1370,BE38
1371,Y20
1372,BKE1
1373,N0012
1374,PL19
1375,BJ4
1376,CR29
1377,W76
1378,BTM3
1379,PL21
1380,BJ26
1381,NTL
1382,BJ19
1383,BM20
1384,BL22
1385,C13M
1386,HG92
1387,BE19
1388,J15
1389,PL11
1390,P11
1391,PL78
1392,Y3M
1393,A76
1394,MP6
1395,J71
1396,Y34
1397,SB7
1398,DWSP
1399,PP3
1400,PL33
1401,PM41
1402,T7
1403,HG52
1404,A20
1405,SK31
1406,SK11
1407,A70
1408,CK52
1409,HG16
1410,BM2
1411,JM8
1412,A51
1413,MP14
1414,BJ17
1415,BM10
1416,B71
1417,Y21M
1418,B69
1419,CK48
1420,SB10
1421,KEM1
1422,K19
1423,SE15
1424,J93
1425,SK38
1426,TP18
1427,SK81
1428,M25
1429,J33
1430,TM7
1431,MP1
1432,CK47
1433,SPM
1434,W54
1435,TBMT
1436,A7
1437,CK30
1438,HG4
1439,SK28
1440,W694
1441,TB9
1442,BE25
1443,SB17
1444,TG2
1445,BJ35
1446,DRM1
1447,B49
1448,PL67
1449,TB19
1450,HG97
1451,SB22
1452,JM27
1453,TM16
1454,GE1B
1455,TP17
1456,Y9
1457,CK59
1458,U30
1459,T46
1460,SE24
1461,TP3A
1462,TJ33S
1463,AM18
1464,BJ36
1465,TRM
1466,SK9
1467,BJ2
1468,J23
1469,CK11
1470,J86S
1471,U40
1472,SK37
1473,J12
1474,GE5
1475,CK66
1476,CK31
1477,TB22
1478,P6M
1479,TBL
1480,BJ63
1481,U17
1482,P16
1483,BJ3
1484,J66
1485,U22
1486,PM18
1487,TPMD
1488,SMM
1489,T15
1490,W588
1491,Q96
1492,TP67
1493,PM12
1494,KU1
1495,SB42
1496,HG80
1497,Y13
1498,B45
1499,C32
1500,TM17
1501,BE9
1502,B40
1503,W19
1504,SB41
1505,MP3M
1506,CR30
1507,Y82M
1508,AM22
1509,HG89
1510,UBK2
1511,W69
1512,JM13S
1513,C16
1514,A81
1515,HG79
1516,AR9
1517,KB20
1518,SK6
1519,SD4
1520,W24
1521,BJ56
1522,CKT2
1523,PM27
1524,Y39
1525,Y14
1526,MP7
1527,PL55
1528,BL3
1529,B6
1530,PR10
1531,B80
1532,J84S
1533,Q66
1534,W84
1535,TM3
1536,BL18M
1537,KTM6
1538,B53
1539,Y16
1540,TPMH
1541,TGML
1542,J11
1543,W81
1544,TWM4
1545,CK73
1546,BJ50
1547,HE19
1548,U41
1549,BJ44
1550,Y49M
1551,JM22
1552,T24
1553,SB44
1554,BJ54
1555,Y45
1556,BE45
1557,W77
1558,CLM
1559,JM29
1560,C29
1561,T76
1562,TP50
1563,Y18
1564,SK48
1565,B32
1566,BM31
1567,A35
1568,UA3
1569,HG56
1570,BL8L
1571,TBM5
1572,J74M
1573,TM25
1574,B84
1575,C5
1576,JB2
1577,T73
1578,T7A
1579,MLM1
1580,BBM8
1581,J98M
1582,HG11
1583,BRBL
1584,PM14
1585,W28
1586,J9
1587,TPMP
1588,CK70
1589,SM9B
1590,SD11
1591,HG10
1592,W12L
1593,BE12
1594,JMB1
1595,PM30
1596,Y41M
1597,U64
1598,SK39
1599,TJ27
1600,W56
1601,SB5
1602,SIM3
1603,GE1G
1604,TM13
1605,MP17
1606,PL52
1607,BE26
1608,K2T
1609,A67
1610,SK21
1611,PM22
1612,PM11
1613,TP10
1614,S107
1615,U27
1616,B23T
1617,CLTR
1618,HG93
1619,DWSV
1620,W79
1621,C30
1622,CK7
1623,HG64
1624,U23
1625,HE3
1626,CK19
1627,GE3
1628,C20
1629,SGLM
1630,CK53
1631,MR6
1632,CR1B
1633,WD1B
1634,MR7
1635,Y31
1636,Y48M
1637,BE36
1638,J21
1639,ALL
1640,SM9
1641,BJ11
1642,TPM8
1643,PRM
1644,J89M
1645,M1
1646,PM15
1647,TJ38
1648,SK17
1649,U19
1650,TP8
1651,AH1
1652,SB28L
1653,B50
1654,T44
1655,BJ48
1656,TM26
1657,SK36
1658,SB27
1659,TW2
1660,W61
1661,HR3
1662,JM17
1663,PR3
1664,SE9
1665,SK99
1666,JM28
1667,PDJ3
1668,TPM4
1669,KTM2
1670,KB11
1671,W17
1672,A72
1673,TJ37
1674,BKE9
1675,SK14
1676,BJ51
1677,S39L
1678,PM8
1679,B88
1680,B7
1681,PRS1
1682,MNM
1683,J90
1684,HG35
1685,W7
1686,SE5L
1687,PDJ7
1688,SB8
1689,CK24
1690,A33
1691,SK79
1692,Y51
1693,PL77
1694,SE40
1695,B95
1696,HR4
1697,Y11
1698,CK8
1699,SG3
1700,PDW8
1701,B30
1702,RC2
1703,CC6
1704,JM15
1705,B26
1706,B88M
1707,UBM1
1708,GE1A
1709,SK90
1710,KB4
1711,S110
1712,U52
1713,T26
1714,U21
1715,PL37
1716,T18
1717,HG67
1718,TE2
1719,CK62
1720,W51
1721,U4
1722,PL32
1723,SK97
1724,BE18
1725,W100
1726,Q87
1727,HG45
1728,SIM6
1729,CK22
1730,HG70
1731,C28M
1732,Y62M
1733,SK4
1734,Y48
1735,HLM
1736,BJ53
1737,Y24
1738,SPS
1739,J23M
1740,TPM9
1741,CLRG
1742,PL44
1743,EC3
1744,PL53
1745,CK78
1746,LBM
1747,T80
1748,T48
1749,CK35
1750,W82
1751,Q89
1752,PL69
1753,NT3
1754,CR1A
1755,SK83
1756,SE16
1757,CKM1
1758,U8
1759,KAMS
1760,PM43
1761,BH2
1762,H8
1763,Q19
1764,A36
1765,B25
1766,J8M
1767,TPMF
1768,JMSC
1769,B66
1770,TBCM
1771,RHM2
1772,BE4
1773,CK25
1774,TBM6
1775,MP1M
1776,SB38
1777,BJ57
1778,U3
1779,S13L
1780,W75
1781,U1
1782,SK19
1783,TPMN
1784,TJ28
1785,SK25
1786,Y45M
1787,Y70M
1788,TB6
1789,J64
1790,W2
1791,SE20
1792,Y34A
1793,C35
1794,J76M
1795,A49
1796,CK51
1797,J74
1798,Q80
1799,A34
1800,Y36
1801,PM10
1802,TB14
1803,BBM9
1804,A66
1805,TJ42
1806,W96
1807,HG86
1808,W78
1809,TM28
1810,B43
1811,KAML
1812,CK76
1813,U2
1814,TPMG
1815,HG99
1816,SK77
1817,DWST
1818,CR7
1819,GE2
1820,Y33
1821,STM3
1822,CK32
1823,HG95
1824,SE51
1825,KB3
1826,J44
1827,BBM1
1828,CK36
1829,TP48
1830,SK49
1831,KJ2
1832,HG1E
1833,SE31
1834,A94
1835,TG6
1836,SK72
1837,T20
1838,P6
1839,GSM
1840,BJ55
1841,PL59
1842,W109
1843,P5L
1844,W10
1845,BJ49
1846,Q88
1847,PL45
1848,W56L
1849,JRTM
1850,KJ4
1851,TM24
1852,T28
1853,T11
1854,T29
1855,EC7
1856,TM5
1857,BJ67
1858,BL18
1859,BM4
1860,U6
1861,Y43
1862,C19M
1863,C36
1864,DUX
1865,PL42
1866,SB19
1867,BVM2
1868,SK96
1869,TM22
1870,Q94
1871,SK62
1872,UBKM
1873,BE39
1874,TM55
1875,HE9
1876,A64
1877,UBK5
1878,CK14
1879,BL15
1880,U7
1881,MM4
1882,W89
1883,C3ML
1884,J73
1885,PR6
1886,J85M
1887,TPMC
1888,HG29
1889,J55
1890,S38L
1891,TPMM
1892,SK34
1893,U31
1894,W88
1895,TPMJ
1896,SIM2
1897,C25
1898,AV1
1899,J17
1900,J81M
1901,BR5
1902,L1
1903,CK44
1904,J38
1905,SB34
1906,T27
1907,SK94
1908,W505
1909,BE22
1910,A24
1911,AM32
1912,J52
1913,CKM7
1914,BJ13
1915,W53
1916,HG25
1917,PR8
1918,P4
1919,W85
1920,KB12
1921,SK51
1922,PL60
1923,Y74M
1924,W48
